{
	"song": {
		"speed": 1.6,
		"stage": "stage",
		"player1": "bf",
		"player2": "planeman",
		"player3": null,
		"events": [
			[
				7868.85245901639,
				[
					[
						"Change Scroll Speed",
						"1.3",
						"2"
					]
				]
			]
		],
		"notes": [
			{
				"gfSection": false,
				"lengthInSteps": 16,
				"altAnim": false,
				"typeOfSection": 0,
				"sectionNotes": [
					[
						0,
						3,
						0
					],
					[
						245.901639344262,
						3,
						0
					],
					[
						491.803278688525,
						1,
						0
					],
					[
						737.704918032787,
						0,
						0
					],
					[
						983.606557377049,
						2,
						0
					],
					[
						1229.50819672131,
						3,
						0
					],
					[
						1475.40983606557,
						0,
						0
					],
					[
						1721.31147540984,
						3,
						0
					],
					[
						1844.26229508197,
						1,
						0
					]
				],
				"bpm": 150,
				"changeBPM": false,
				"mustHitSection": false
			},
			{
				"gfSection": false,
				"lengthInSteps": 16,
				"altAnim": false,
				"typeOfSection": 0,
				"sectionNotes": [
					[
						1967.2131147541,
						2,
						0
					],
					[
						2090.16393442623,
						1,
						0
					],
					[
						2213.11475409836,
						2,
						0
					],
					[
						2336.06557377049,
						3,
						0
					],
					[
						2459.01639344262,
						1,
						0
					],
					[
						2581.96721311475,
						2,
						0
					],
					[
						2704.91803278689,
						0,
						122.950819672131
					],
					[
						2950.81967213115,
						3,
						368.852459016393
					],
					[
						3442.62295081967,
						2,
						368.852459016393
					]
				],
				"bpm": 150,
				"changeBPM": false,
				"mustHitSection": false
			},
			{
				"gfSection": false,
				"lengthInSteps": 16,
				"altAnim": false,
				"typeOfSection": 0,
				"sectionNotes": [
					[
						3934.4262295082,
						0,
						0
					],
					[
						4180.32786885246,
						0,
						0
					],
					[
						4426.22950819672,
						2,
						0
					],
					[
						4672.13114754098,
						0,
						0
					],
					[
						4918.03278688525,
						1,
						0
					],
					[
						5163.93442622951,
						2,
						0
					],
					[
						5409.83606557377,
						3,
						368.852459016393
					]
				],
				"bpm": 150,
				"changeBPM": false,
				"mustHitSection": true
			},
			{
				"gfSection": false,
				"lengthInSteps": 16,
				"altAnim": false,
				"typeOfSection": 0,
				"sectionNotes": [
					[
						5901.63934426229,
						2,
						0
					],
					[
						6147.54098360656,
						1,
						0
					],
					[
						6393.44262295082,
						3,
						0
					],
					[
						6639.34426229508,
						0,
						0
					],
					[
						6885.24590163934,
						3,
						0
					],
					[
						7131.14754098361,
						1,
						0
					],
					[
						7377.04918032787,
						2,
						0
					],
					[
						7622.95081967213,
						3,
						0
					]
				],
				"bpm": 339,
				"changeBPM": false,
				"mustHitSection": true
			},
			{
				"gfSection": false,
				"lengthInSteps": 16,
				"altAnim": false,
				"typeOfSection": 0,
				"sectionNotes": [
					[
						7868.85245901639,
						4,
						430.327868852459
					]
				],
				"bpm": 244,
				"changeBPM": true,
				"mustHitSection": false
			},
			{
				"gfSection": false,
				"lengthInSteps": 16,
				"altAnim": false,
				"typeOfSection": 0,
				"sectionNotes": [],
				"bpm": 339,
				"changeBPM": false,
				"mustHitSection": true
			},
			{
				"gfSection": false,
				"lengthInSteps": 16,
				"altAnim": false,
				"typeOfSection": 0,
				"sectionNotes": [],
				"bpm": 244,
				"changeBPM": false,
				"mustHitSection": true
			},
			{
				"gfSection": false,
				"lengthInSteps": 16,
				"altAnim": false,
				"typeOfSection": 0,
				"sectionNotes": [],
				"bpm": 244,
				"changeBPM": false,
				"mustHitSection": true
			},
			{
				"gfSection": false,
				"lengthInSteps": 16,
				"altAnim": false,
				"typeOfSection": 0,
				"sectionNotes": [],
				"bpm": 244,
				"changeBPM": false,
				"mustHitSection": false
			},
			{
				"gfSection": false,
				"lengthInSteps": 16,
				"altAnim": false,
				"typeOfSection": 0,
				"sectionNotes": [],
				"bpm": 244,
				"changeBPM": false,
				"mustHitSection": false
			},
			{
				"gfSection": false,
				"lengthInSteps": 16,
				"altAnim": false,
				"typeOfSection": 0,
				"sectionNotes": [],
				"bpm": 244,
				"changeBPM": false,
				"mustHitSection": false
			},
			{
				"gfSection": false,
				"lengthInSteps": 16,
				"altAnim": false,
				"typeOfSection": 0,
				"sectionNotes": [],
				"bpm": 244,
				"changeBPM": false,
				"mustHitSection": false
			},
			{
				"gfSection": false,
				"lengthInSteps": 16,
				"altAnim": false,
				"typeOfSection": 0,
				"sectionNotes": [],
				"bpm": 244,
				"changeBPM": false,
				"mustHitSection": false
			},
			{
				"gfSection": false,
				"lengthInSteps": 16,
				"altAnim": false,
				"typeOfSection": 0,
				"sectionNotes": [],
				"bpm": 244,
				"changeBPM": false,
				"mustHitSection": false
			},
			{
				"gfSection": false,
				"lengthInSteps": 16,
				"altAnim": false,
				"typeOfSection": 0,
				"sectionNotes": [],
				"bpm": 244,
				"changeBPM": false,
				"mustHitSection": false
			},
			{
				"gfSection": false,
				"lengthInSteps": 16,
				"altAnim": false,
				"typeOfSection": 0,
				"sectionNotes": [],
				"bpm": 244,
				"changeBPM": false,
				"mustHitSection": false
			},
			{
				"gfSection": false,
				"lengthInSteps": 16,
				"altAnim": false,
				"typeOfSection": 0,
				"sectionNotes": [],
				"bpm": 244,
				"changeBPM": false,
				"mustHitSection": true
			},
			{
				"gfSection": false,
				"lengthInSteps": 16,
				"altAnim": false,
				"typeOfSection": 0,
				"sectionNotes": [],
				"bpm": 244,
				"changeBPM": false,
				"mustHitSection": true
			},
			{
				"gfSection": false,
				"lengthInSteps": 16,
				"altAnim": false,
				"typeOfSection": 0,
				"sectionNotes": [],
				"bpm": 244,
				"changeBPM": false,
				"mustHitSection": true
			},
			{
				"gfSection": false,
				"lengthInSteps": 16,
				"altAnim": false,
				"typeOfSection": 0,
				"sectionNotes": [],
				"bpm": 244,
				"changeBPM": false,
				"mustHitSection": true
			},
			{
				"gfSection": false,
				"lengthInSteps": 16,
				"altAnim": false,
				"typeOfSection": 0,
				"sectionNotes": [],
				"bpm": 244,
				"changeBPM": false,
				"mustHitSection": true
			},
			{
				"gfSection": false,
				"lengthInSteps": 16,
				"altAnim": false,
				"typeOfSection": 0,
				"sectionNotes": [],
				"bpm": 244,
				"changeBPM": false,
				"mustHitSection": true
			},
			{
				"gfSection": false,
				"lengthInSteps": 16,
				"altAnim": false,
				"typeOfSection": 0,
				"sectionNotes": [],
				"bpm": 244,
				"changeBPM": false,
				"mustHitSection": true
			},
			{
				"gfSection": false,
				"lengthInSteps": 16,
				"altAnim": false,
				"typeOfSection": 0,
				"sectionNotes": [],
				"bpm": 244,
				"changeBPM": false,
				"mustHitSection": true
			},
			{
				"gfSection": false,
				"lengthInSteps": 16,
				"altAnim": false,
				"typeOfSection": 0,
				"sectionNotes": [],
				"bpm": 244,
				"changeBPM": false,
				"mustHitSection": true
			},
			{
				"gfSection": false,
				"lengthInSteps": 16,
				"altAnim": false,
				"typeOfSection": 0,
				"sectionNotes": [],
				"bpm": 244,
				"changeBPM": false,
				"mustHitSection": true
			},
			{
				"gfSection": false,
				"lengthInSteps": 16,
				"altAnim": false,
				"typeOfSection": 0,
				"sectionNotes": [],
				"bpm": 244,
				"changeBPM": false,